id,x,y,gender,year,week,child,income,house,education
"0",115.734250500000002,5.069440723000000,Female,"2002","40","1","6217",Village House,Non-Graduate
"1",115.743309400000001,5.401020523000000,Male,"2003","12","1","6103",Village House,Graduate
"2",115.704849199999998,5.165739469000000,Female,"2003","32","3","2998",Others,No Formal Education
"3",115.576957399999998,5.309709373000000,Female,"2003","3","3","3400",Terrace,No Formal Education
"4",115.625361299999994,5.169267321000000,Male,"2002","52","1","5908",Terrace,Non-Graduate
"5",115.729832200000004,5.192440164000000,Female,"2002","48","1","6906",Terrace,Graduate
"6",115.563148100000006,5.209731511000000,Female,"2003","10","4","4960",Village House,Graduate
"7",115.829936300000000,5.314732348000000,Male,"2003","41","2","3739",Village House,Graduate
"8",115.827048800000000,5.469303003000000,Male,"2002","8","4","7475",Terrace,Non-Graduate
"9",115.877841900000007,5.377718308000000,Male,"2002","28","0","3651",Terrace,Non-Graduate
"10",115.639522700000001,5.442459877000000,Male,"2002","8","0","1662",Terrace,Non-Graduate
"11",115.653767099999996,5.191272500000000,Female,"2003","22","0","6626",Village House,Non-Graduate
"12",115.734067400000001,5.454411015000000,Female,"2003","49","3","3674",Others,Graduate
"13",115.772697699999995,5.161059919000000,Male,"2003","53","1","5098",Others,No Formal Education
"14",115.579513700000007,5.242856348000000,Male,"2003","41","4","6447",Terrace,Non-Graduate
"15",115.867860100000001,5.396140116000000,Female,"2003","22","1","6115",Village House,No Formal Education
"16",115.790792100000004,5.381154613000000,Female,"2003","4","1","3379",Terrace,Non-Graduate
"17",115.709028300000000,5.445903661000000,Female,"2003","36","0","5164",Terrace,Graduate
"18",115.747667800000002,5.293460127000000,Female,"2003","46","1","1618",Village House,Non-Graduate
"19",115.926513000000000,5.306395654000000,Male,"2002","49","1","5253",Others,No Formal Education
"20",115.589772999999994,5.252540233000000,Female,"2003","53","0","2979",Others,Graduate
"21",115.715516699999995,5.172787912000000,Female,"2001","19","1","3898",Village House,No Formal Education
"22",115.811678299999997,5.455683418000000,Male,"2002","39","3","3704",Village House,Non-Graduate
"23",115.518555899999996,5.250852694000000,Male,"2002","40","0","7231",Terrace,Non-Graduate
"24",115.932642799999996,5.324409826000000,Male,"2002","51","0","7998",Terrace,Graduate
"25",115.676650100000003,5.319774155000000,Female,"2001","50","1","6928",Others,No Formal Education
"26",115.553628599999996,5.275022777000000,Female,"2001","9","2","3131",Village House,No Formal Education
"27",115.734465700000001,5.414515877000000,Female,"2003","4","3","5370",Others,Graduate
"28",115.660748400000003,5.426890089000000,Male,"2002","6","2","3276",Village House,No Formal Education
"29",115.765498699999995,5.442294078000000,Female,"2003","34","4","3894",Others,Non-Graduate
"30",115.798119400000004,5.260155902000000,Female,"2002","44","1","1905",Village House,No Formal Education
"31",115.612180199999997,5.411556754000000,Male,"2002","8","0","6072",Terrace,Non-Graduate
"32",117.535039499999996,5.591790340000000,Female,"2002","13","2","6568",Others,No Formal Education
"33",117.145224400000004,6.207874268000000,Female,"2002","28","0","4278",Others,Non-Graduate
"34",117.207111699999999,5.657687746000000,Female,"2002","20","0","3245",Others,Non-Graduate
"35",117.597195900000003,6.100442680000000,Female,"2003","47","4","4289",Others,Graduate
"36",117.713568600000002,6.303383528000000,Female,"2003","50","3","3367",Terrace,No Formal Education
"37",117.394913900000006,6.142448343000000,Male,"2002","37","1","7543",Terrace,Non-Graduate
"38",117.544280700000002,5.615314380000000,Female,"2003","10","4","4914",Others,No Formal Education
"39",117.423685100000000,6.734172301000000,Male,"2002","33","4","5906",Others,Non-Graduate
"40",117.471603799999997,5.932329384000000,Female,"2003","39","3","2423",Terrace,No Formal Education
"41",117.366738999999995,6.581135658000000,Male,"2003","37","4","5810",Others,Graduate
"42",117.090123399999996,5.972474217000000,Male,"2001","43","3","7038",Others,Graduate
"43",117.321147999999994,5.550199336000000,Male,"2003","32","2","5704",Terrace,No Formal Education
"44",117.019693799999999,6.255397243000000,Male,"2003","36","3","7561",Terrace,Graduate
"45",117.567339599999997,6.221404456000000,Male,"2003","2","1","7215",Terrace,Non-Graduate
"46",117.663672000000005,6.342271772000000,Female,"2003","27","4","6133",Village House,No Formal Education
"47",117.181012300000006,6.119449558000000,Female,"2003","47","4","4876",Others,Non-Graduate
"48",117.535338400000001,6.472145561000000,Male,"2001","21","2","3667",Others,Graduate
"49",117.042696399999997,6.221872619000000,Female,"2002","48","3","3791",Others,Non-Graduate
"50",117.196047100000001,5.669743925000000,Female,"2002","5","0","7260",Village House,No Formal Education
"51",117.541772800000004,6.549971411000000,Male,"2001","26","2","5717",Others,No Formal Education
"52",117.531172100000006,6.298580772000000,Male,"2001","20","4","4590",Terrace,No Formal Education
"53",117.109323700000004,5.817874085000000,Male,"2001","3","4","3576",Others,Non-Graduate
"54",117.070074099999999,6.187988677000000,Male,"2001","47","4","5335",Others,No Formal Education
"55",117.602550500000007,5.820239099000000,Male,"2002","7","2","5806",Village House,Non-Graduate
"56",117.350084699999996,6.408819197000000,Male,"2001","40","0","3026",Others,Non-Graduate
"57",117.434988099999998,6.195509219000000,Female,"2002","36","1","7211",Terrace,Non-Graduate
"58",117.568685500000001,5.711723675000000,Male,"2001","20","4","2461",Others,No Formal Education
"59",117.375168599999995,6.431687044000000,Female,"2001","6","2","4600",Terrace,Non-Graduate
"60",117.134593199999998,6.460904859000000,Male,"2003","1","0","6055",Village House,No Formal Education
"61",117.402336899999995,6.175013472000000,Male,"2003","48","4","5586",Terrace,Non-Graduate
"62",117.194832700000006,5.626756077000000,Male,"2002","51","3","5403",Terrace,Graduate
"63",117.178670299999993,6.232983509000000,Female,"2002","11","1","3414",Village House,Graduate
"64",116.134676400000004,5.418607557000000,Female,"2002","18","1","5972",Terrace,Graduate
"65",116.044345100000001,4.987789464000000,Male,"2003","52","2","5067",Terrace,Graduate
"66",116.133246999999997,5.559395745000000,Female,"2001","35","2","1850",Village House,Non-Graduate
"67",116.126104900000001,5.476579368000000,Female,"2002","51","4","3292",Others,No Formal Education
"68",116.228730499999998,5.127823902000000,Male,"2001","9","3","5269",Others,Non-Graduate
"69",116.047959899999995,4.935906068000000,Female,"2001","34","1","4003",Others,No Formal Education
"70",116.076958000000005,5.030582103000000,Male,"2003","2","2","3007",Others,No Formal Education
"71",116.047434999999993,4.954335155000000,Female,"2003","52","4","6246",Village House,Graduate
"72",116.376896099999996,5.141345405000000,Male,"2003","8","1","7804",Village House,Graduate
"73",116.160805199999999,5.415663983000000,Female,"2002","49","0","2112",Others,No Formal Education
"74",116.221908700000000,5.171605101000000,Female,"2001","31","4","5716",Others,Graduate
"75",116.260612499999993,5.165315673000000,Female,"2003","21","2","3742",Terrace,Non-Graduate
"76",116.104783699999999,4.911169545000000,Female,"2003","51","0","5027",Terrace,Graduate
"77",116.198220899999995,5.274628251000000,Male,"2003","48","4","2944",Village House,No Formal Education
"78",116.175981399999998,5.099690473000000,Male,"2002","4","1","1898",Village House,No Formal Education
"79",116.382997799999998,5.217853502000000,Female,"2003","18","2","2740",Others,Graduate
"80",116.363067599999994,5.310452815000000,Male,"2001","11","0","4004",Others,Non-Graduate
"81",116.442952000000005,5.258945279000000,Female,"2002","48","2","4375",Others,Non-Graduate
"82",116.034266299999999,5.039430531000000,Male,"2003","7","2","3908",Terrace,No Formal Education
"83",116.021431199999995,5.006694033000000,Female,"2002","9","2","7847",Village House,No Formal Education
"84",116.076298899999998,5.311118921000000,Male,"2002","44","4","4422",Others,Non-Graduate
"85",116.490582399999994,5.274055650000000,Female,"2002","3","2","7121",Terrace,No Formal Education
"86",116.545538500000006,5.336320429000000,Male,"2001","50","3","7605",Terrace,Graduate
"87",116.135358600000004,4.856097172000000,Male,"2001","36","4","3510",Terrace,No Formal Education
"88",116.199526800000001,5.561634436000000,Male,"2002","4","1","2833",Village House,Non-Graduate
"89",116.116709000000000,4.908112399000000,Male,"2003","46","3","2434",Others,No Formal Education
"90",116.472633900000005,5.305950808000000,Female,"2001","13","2","3975",Terrace,No Formal Education
"91",116.401415099999994,5.308312640000000,Female,"2001","48","0","4855",Others,Graduate
"92",116.163099299999999,5.432665497000000,Female,"2001","3","2","5473",Village House,Graduate
"93",116.070300200000005,5.478683332000000,Female,"2003","4","4","7048",Terrace,Non-Graduate
"94",116.116077700000005,5.089957025000000,Male,"2001","12","4","2939",Others,Graduate
"95",116.092118799999994,5.073086953000000,Female,"2003","5","0","7491",Others,Non-Graduate
"96",117.667801200000000,5.578563120000000,Female,"2002","25","1","4211",Others,Graduate
"97",119.069039099999998,5.276700841000000,Male,"2003","8","0","2041",Village House,Graduate
"98",118.577982199999994,5.532550173000000,Male,"2001","28","2","4688",Village House,Non-Graduate
"99",117.982993600000000,5.413128288000000,Female,"2002","34","4","3728",Others,Graduate
"100",118.557300200000000,5.418894666000000,Male,"2002","6","0","4447",Village House,Non-Graduate
"101",118.264356399999997,5.295540237000000,Female,"2003","2","0","6119",Terrace,Non-Graduate
"102",118.107836699999993,5.247669107000000,Female,"2003","22","0","2873",Terrace,Graduate
"103",118.915449400000000,5.388563022000000,Female,"2002","35","0","7788",Others,Graduate
"104",117.557275799999999,5.274889753000000,Female,"2001","13","4","1613",Others,Graduate
"105",117.534204200000005,5.162808787000000,Male,"2002","2","1","3777",Village House,Non-Graduate
"106",118.389506400000002,5.533893870000000,Female,"2001","3","0","7799",Village House,Graduate
"107",118.298157900000007,5.326270356000000,Male,"2001","45","4","6074",Others,Non-Graduate
"108",117.504582900000003,5.481548844000000,Male,"2002","23","2","5898",Village House,Graduate
"109",118.436864299999996,5.380550104000000,Female,"2001","12","4","5072",Village House,No Formal Education
"110",118.078897400000002,5.340945633000000,Female,"2001","26","4","2930",Village House,Non-Graduate
"111",118.510420100000005,5.498388248000000,Male,"2002","12","4","5143",Village House,Non-Graduate
"112",118.162682700000005,5.276334107000000,Male,"2003","7","1","6773",Terrace,Non-Graduate
"113",119.124308099999993,5.430142972000000,Female,"2002","49","4","4111",Village House,Non-Graduate
"114",117.966818599999996,5.468880900000000,Female,"2002","15","1","6515",Village House,Graduate
"115",118.735723699999994,5.520948439000000,Female,"2001","52","1","5410",Others,Non-Graduate
"116",117.889719999999997,5.418373676000000,Male,"2002","5","2","1528",Others,No Formal Education
"117",117.554133199999995,5.096069758000000,Female,"2001","21","0","3998",Terrace,Graduate
"118",118.135435599999994,5.421812800000000,Female,"2003","50","1","7399",Village House,Non-Graduate
"119",118.448827100000003,5.460947011000000,Male,"2001","50","4","5076",Village House,No Formal Education
"120",117.561552100000000,5.293884841000000,Male,"2003","14","2","7656",Village House,Non-Graduate
"121",118.203000900000006,5.510266993000000,Female,"2003","3","0","7308",Others,Graduate
"122",117.597046100000000,5.123542604000000,Female,"2002","27","4","7806",Others,Non-Graduate
"123",118.605366099999998,5.516707755000000,Male,"2003","5","2","2604",Others,No Formal Education
"124",117.801507099999995,5.542926419000000,Male,"2002","23","2","7168",Others,Non-Graduate
"125",117.837863999999996,5.347349517000000,Female,"2001","21","0","5666",Others,Graduate
"126",118.329652800000005,5.394882190000000,Female,"2001","47","2","6772",Terrace,Non-Graduate
"127",118.612282100000002,5.519498421000000,Male,"2001","22","3","2385",Village House,Graduate
"128",116.476605300000003,6.158160474000000,Female,"2002","10","4","5779",Terrace,Non-Graduate
"129",116.622211199999995,6.583318125000000,Male,"2003","42","1","6768",Village House,Non-Graduate
"130",116.606379000000004,6.510549279000000,Male,"2003","25","4","4242",Others,Non-Graduate
"131",116.451623600000005,6.084930757000000,Male,"2002","18","1","3015",Others,Non-Graduate
"132",116.571207200000003,6.534170604000000,Female,"2001","30","3","5729",Village House,Graduate
"133",116.537049600000003,6.472855392000000,Female,"2001","20","2","5566",Others,Non-Graduate
"134",116.436559000000003,6.437253627000000,Female,"2001","49","3","2966",Terrace,No Formal Education
"135",116.505870500000000,6.490548093000000,Male,"2003","45","2","3818",Others,Graduate
"136",116.471587299999996,6.224176843000000,Male,"2003","5","0","7561",Terrace,Non-Graduate
"137",116.569759700000006,6.194305869000000,Female,"2003","12","0","6530",Village House,Graduate
"138",116.513715800000000,6.537166026000000,Male,"2003","44","2","7755",Others,No Formal Education
"139",116.517823899999996,6.177696352000000,Male,"2003","15","2","7923",Others,Non-Graduate
"140",116.367646800000003,6.392435678000000,Female,"2003","35","2","3157",Terrace,Non-Graduate
"141",116.597514000000004,6.287754413000000,Female,"2002","13","2","7696",Others,Non-Graduate
"142",116.574065099999999,6.431088019000000,Male,"2001","43","1","6977",Others,Graduate
"143",116.568159600000001,6.530923016000000,Female,"2002","49","0","4833",Village House,Non-Graduate
"144",116.558296700000000,6.461482797000000,Female,"2001","18","0","2031",Village House,Non-Graduate
"145",116.435284800000005,6.337182407000000,Female,"2002","19","1","5759",Village House,Non-Graduate
"146",116.564921100000007,6.595636140000000,Male,"2001","40","4","5756",Others,No Formal Education
"147",116.596920699999998,6.536639175000000,Male,"2002","16","3","1510",Others,No Formal Education
"148",116.597706299999999,6.472012270000000,Male,"2001","48","2","3017",Village House,Non-Graduate
"149",116.409343800000002,6.391924888000000,Female,"2003","6","1","2744",Others,Non-Graduate
"150",116.549050500000007,6.454598067000000,Male,"2003","41","2","6759",Others,No Formal Education
"151",116.448858700000002,6.442952980000000,Female,"2003","18","0","7019",Terrace,No Formal Education
"152",116.363602299999997,6.369079927000000,Male,"2002","20","2","4352",Terrace,Graduate
"153",116.375963999999996,6.298358272000000,Male,"2003","16","4","7186",Terrace,Non-Graduate
"154",116.503658000000001,6.219323470000000,Male,"2002","49","3","7266",Terrace,Graduate
"155",116.559216500000005,6.332805630000000,Male,"2001","34","0","7771",Terrace,No Formal Education
"156",116.605249400000005,6.287481894000000,Female,"2003","50","1","5960",Terrace,No Formal Education
"157",116.486145500000006,6.075083904000000,Female,"2002","40","2","2940",Village House,Graduate
"158",116.570738599999999,6.535801905000000,Female,"2002","38","1","2261",Village House,Graduate
"159",116.478674400000003,6.222651746000000,Male,"2001","44","3","1851",Others,Non-Graduate
"160",116.122881199999995,5.962117204000000,Female,"2003","50","1","5712",Terrace,Non-Graduate
"161",116.064595600000004,5.960845855000000,Male,"2002","13","3","1591",Village House,Non-Graduate
"162",116.162049900000000,6.088889528000000,Male,"2001","22","1","3738",Village House,Non-Graduate
"163",116.204382699999996,6.078948919000000,Male,"2001","39","0","7308",Others,Graduate
"164",116.145336400000005,6.003315569000000,Male,"2001","7","1","5470",Village House,Graduate
"165",116.214213000000001,5.960646041000000,Female,"2002","31","1","1967",Village House,Non-Graduate
"166",116.067193500000002,5.954860889000000,Female,"2001","3","4","4641",Village House,Graduate
"167",116.252332899999999,5.919910855000000,Male,"2001","27","0","4088",Terrace,No Formal Education
"168",116.260155499999996,5.923537128000000,Female,"2003","51","4","3296",Others,No Formal Education
"169",116.014347400000005,6.025064770000000,Female,"2001","50","3","5544",Terrace,No Formal Education
"170",116.040787600000002,5.995212080000000,Male,"2001","31","2","2453",Village House,Non-Graduate
"171",116.047739800000002,5.946112296000000,Female,"2001","53","1","6186",Village House,No Formal Education
"172",116.119087100000002,5.964221865000000,Female,"2002","32","2","4900",Others,Non-Graduate
"173",116.015968299999997,6.041495391000000,Female,"2003","27","0","2984",Others,Non-Graduate
"174",116.111056500000004,6.015646107000000,Male,"2001","5","3","2336",Village House,Graduate
"175",116.173322600000006,6.123342869000000,Male,"2003","38","1","5236",Terrace,Non-Graduate
"176",116.230338799999998,5.932114724000000,Male,"2001","20","3","6165",Others,No Formal Education
"177",116.161784299999994,6.058396791000000,Female,"2001","8","4","3726",Others,Graduate
"178",116.215540700000005,6.084888325000000,Male,"2003","41","1","5968",Terrace,Non-Graduate
"179",116.171826100000004,5.980112080000000,Male,"2002","8","3","4540",Terrace,No Formal Education
"180",116.171224199999997,6.043985077000000,Female,"2001","30","4","4411",Village House,Non-Graduate
"181",116.231280900000002,6.024604289000000,Female,"2001","32","3","5881",Terrace,Graduate
"182",116.183783700000006,5.994268818000000,Male,"2002","21","1","2280",Terrace,Non-Graduate
"183",116.132094499999994,6.118479018000000,Male,"2002","32","3","5160",Others,Non-Graduate
"184",116.162118100000001,5.970134156000000,Male,"2001","11","1","5464",Village House,No Formal Education
"185",116.228674900000001,6.035581413000000,Female,"2001","14","0","6322",Others,Non-Graduate
"186",116.069896700000001,6.067360920000000,Female,"2001","24","3","7698",Others,Graduate
"187",116.131913699999998,5.976930258000000,Female,"2002","35","3","4331",Others,Graduate
"188",116.100733099999999,5.984826533000000,Male,"2002","34","1","5609",Terrace,Graduate
"189",116.231157199999998,6.047108195000000,Male,"2001","30","1","2559",Terrace,Graduate
"190",116.248219300000002,6.047847545000000,Female,"2003","14","3","2673",Village House,Non-Graduate
"191",116.158071000000007,6.025085886000000,Male,"2003","13","4","1988",Others,Graduate
"192",116.823939199999998,6.245415801000000,Male,"2001","15","1","3060",Village House,No Formal Education
"193",116.772036600000007,6.472668104000000,Female,"2003","3","4","4539",Village House,Non-Graduate
"194",116.859566599999994,6.408247918000000,Female,"2002","51","3","3891",Village House,Non-Graduate
"195",116.683854900000000,6.317164138000000,Male,"2003","4","2","2248",Terrace,Non-Graduate
"196",116.959180200000006,6.385692612000000,Female,"2003","37","4","5228",Others,No Formal Education
"197",116.881431599999999,6.572695089000000,Female,"2001","22","1","4632",Village House,Graduate
"198",116.816162599999998,6.448749403000000,Male,"2002","27","1","2359",Terrace,Graduate
"199",116.785098700000006,6.447785553000000,Male,"2003","7","2","4148",Terrace,Non-Graduate
"200",116.821506700000000,6.321800065000000,Female,"2003","26","3","5793",Village House,No Formal Education
"201",116.783936600000004,6.542635577000000,Female,"2003","7","3","5495",Terrace,No Formal Education
"202",116.797076700000005,6.496242741000000,Male,"2002","21","2","4326",Terrace,No Formal Education
"203",116.826911899999999,6.395542372000000,Female,"2003","14","0","6354",Village House,Graduate
"204",116.853674499999997,6.304120116000000,Male,"2001","16","0","2900",Terrace,Non-Graduate
"205",116.745082999999994,6.612205908000000,Female,"2002","44","1","6074",Terrace,Non-Graduate
"206",116.900269499999993,6.443513666000000,Female,"2001","46","1","3971",Village House,No Formal Education
"207",116.640550500000003,6.584153225000000,Male,"2003","53","3","6450",Terrace,Non-Graduate
"208",116.733507200000005,6.465033298000000,Female,"2001","28","4","4661",Others,Non-Graduate
"209",117.050968299999994,6.418869305000000,Female,"2001","35","0","4290",Terrace,No Formal Education
"210",117.083133200000006,6.369015061000000,Female,"2002","49","4","6217",Village House,No Formal Education
"211",116.696327600000004,6.424667725000000,Male,"2002","38","3","6239",Others,No Formal Education
"212",116.808554599999994,6.386183697000000,Female,"2002","31","3","4124",Others,No Formal Education
"213",116.712108799999996,6.390642204000000,Male,"2001","8","0","5966",Village House,No Formal Education
"214",116.749163699999997,6.572853179000000,Female,"2003","3","0","2125",Terrace,Graduate
"215",116.971853699999997,6.420768004000000,Female,"2003","34","4","3771",Terrace,Graduate
"216",116.878282900000002,6.342739519000000,Male,"2002","28","0","5392",Others,No Formal Education
"217",116.695616999999999,6.257742280000000,Male,"2003","27","2","6239",Others,Graduate
"218",116.853209500000006,6.371051666000000,Male,"2002","34","1","7940",Others,No Formal Education
"219",116.943362100000002,6.391886344000000,Female,"2002","31","2","3545",Village House,Graduate
"220",116.863476800000001,6.380895871000000,Female,"2002","28","2","7705",Village House,Non-Graduate
"221",116.888762299999996,6.587813865000000,Female,"2001","46","2","3606",Others,Graduate
"222",116.857703400000005,6.559301485000000,Female,"2001","7","2","1599",Others,Non-Graduate
"223",116.763598500000001,6.320180406000000,Male,"2001","10","1","7041",Village House,Non-Graduate
"224",115.364281700000006,5.330047827000000,Female,"2001","2","0","2973",Village House,Graduate
"225",115.461870000000005,5.357507882000000,Male,"2001","46","0","5850",Others,Graduate
"226",115.459694299999995,5.432840379000000,Female,"2002","44","2","4289",Others,No Formal Education
"227",115.430526700000001,5.340879076000000,Female,"2003","47","1","3351",Others,No Formal Education
"228",115.462383200000005,5.305940240000000,Female,"2001","23","1","7549",Others,No Formal Education
"229",115.380071999999998,5.325944198000000,Female,"2002","4","4","3407",Terrace,Graduate
"230",115.605904699999996,5.605745193000000,Male,"2002","31","2","1522",Others,Graduate
"231",115.407890899999998,5.293436585000000,Female,"2003","30","0","1810",Others,No Formal Education
"232",115.466435899999993,5.471806766000000,Female,"2002","53","3","2335",Others,Graduate
"233",115.399544500000005,5.389263100000000,Female,"2003","34","1","6255",Village House,Graduate
"234",115.454556199999999,5.310119246000000,Male,"2002","13","3","4143",Village House,Non-Graduate
"235",115.471146700000006,5.329966869000000,Female,"2003","23","0","5040",Others,Non-Graduate
"236",115.488876000000005,5.299501617000000,Female,"2001","39","1","7814",Others,Graduate
"237",115.415276399999996,5.400576513000000,Female,"2002","26","1","3577",Village House,Non-Graduate
"238",115.464980800000006,5.318138896000000,Female,"2001","32","3","6742",Others,Graduate
"239",115.378767600000003,5.341937557000000,Male,"2002","40","4","5852",Village House,Graduate
"240",115.556807500000005,5.549245631000000,Male,"2003","8","4","7009",Village House,Graduate
"241",115.530472799999998,5.409075876000000,Female,"2002","31","0","1939",Others,Non-Graduate
"242",115.470916700000004,5.319542394000000,Male,"2003","40","0","2486",Others,Non-Graduate
"243",115.458517299999997,5.427975687000000,Female,"2001","5","3","6896",Others,No Formal Education
"244",115.452569999999994,5.416167268000000,Female,"2002","43","1","6564",Village House,Graduate
"245",115.549865699999998,5.483577534000000,Female,"2002","35","0","2758",Others,No Formal Education
"246",115.445401300000000,5.425090984000000,Male,"2002","7","4","5670",Terrace,Non-Graduate
"247",115.500902499999995,5.424987153000000,Male,"2001","31","3","6848",Others,No Formal Education
"248",115.485351199999997,5.420425934000000,Female,"2001","37","0","3208",Others,Non-Graduate
"249",115.513802299999995,5.400982376000000,Male,"2001","6","0","5231",Terrace,Graduate
"250",115.605728200000001,5.518878721000000,Female,"2002","19","3","2923",Others,Non-Graduate
"251",115.436089999999993,5.327263369000000,Male,"2001","20","1","7800",Terrace,Non-Graduate
"252",115.559276400000002,5.463130756000000,Male,"2001","34","1","2174",Terrace,No Formal Education
"253",115.552510699999999,5.441110647000000,Female,"2003","32","3","1883",Others,Graduate
"254",115.420093800000004,5.410633912000000,Female,"2002","45","2","5010",Terrace,Graduate
"255",115.570446099999998,5.536872389000000,Male,"2001","16","4","4834",Terrace,Non-Graduate
"256",116.693335500000003,6.737196544000000,Male,"2003","1","3","7414",Village House,Graduate
"257",116.729109800000003,6.762852823000000,Male,"2003","29","3","3628",Village House,No Formal Education
"258",116.768112500000001,6.810952701000000,Male,"2002","33","4","6391",Terrace,Graduate
"259",116.782890399999999,6.799429282000000,Male,"2002","45","3","4008",Others,No Formal Education
"260",116.726333999999994,6.875919870000000,Male,"2001","47","0","6886",Village House,Non-Graduate
"261",116.818117500000000,6.817495243000000,Female,"2003","12","3","6166",Others,Graduate
"262",116.687279799999999,6.847796728000000,Female,"2003","6","3","5421",Others,Non-Graduate
"263",116.736030799999995,6.753394565000000,Female,"2003","13","2","2228",Others,No Formal Education
"264",117.148050600000005,7.348807551000000,Female,"2001","12","0","6641",Others,Non-Graduate
"265",116.754362200000003,6.688700839000000,Male,"2003","48","3","3193",Village House,Graduate
"266",117.075100500000005,7.183950739000000,Male,"2001","44","4","6930",Village House,Non-Graduate
"267",117.195700400000007,7.240514324000000,Female,"2002","28","3","6648",Village House,Graduate
"268",116.669134700000001,6.803496255000000,Male,"2002","6","4","7998",Others,Graduate
"269",117.136624499999996,7.324304470000000,Male,"2003","42","3","7723",Others,Non-Graduate
"270",116.742966999999993,6.739461814000000,Female,"2003","30","2","5269",Terrace,Non-Graduate
"271",116.790222600000007,6.968646682000000,Female,"2003","17","0","6850",Village House,No Formal Education
"272",116.930009200000001,7.270672835000000,Male,"2002","24","3","5727",Village House,No Formal Education
"273",116.829644900000005,6.783147140000000,Female,"2003","16","2","2841",Terrace,Graduate
"274",117.067096899999996,7.207748914000000,Male,"2003","33","1","4492",Others,Graduate
"275",116.846767900000003,6.804267798000000,Male,"2003","17","0","3164",Terrace,No Formal Education
"276",116.971802600000004,7.307136204000000,Male,"2001","28","4","7364",Terrace,No Formal Education
"277",117.289342099999999,7.053768944000000,Male,"2003","39","0","2518",Village House,Non-Graduate
"278",116.780959899999999,6.936111590000000,Male,"2002","46","1","4267",Village House,No Formal Education
"279",116.683688099999998,6.850372602000000,Male,"2002","2","1","4506",Village House,Graduate
"280",117.293986000000004,7.021045073000000,Female,"2002","15","3","7587",Village House,Non-Graduate
"281",116.786923099999996,6.806828993000000,Male,"2001","19","1","5983",Terrace,Non-Graduate
"282",117.161062000000001,7.231783422000000,Male,"2003","34","1","7400",Village House,No Formal Education
"283",117.170763399999998,7.207577279000000,Male,"2003","13","0","2086",Terrace,Non-Graduate
"284",116.751644400000004,6.854055627000000,Male,"2003","21","2","4918",Village House,Non-Graduate
"285",116.709051599999995,6.712784139000000,Female,"2002","16","0","5864",Others,Non-Graduate
"286",117.250251700000007,7.207328406000000,Female,"2003","37","3","6424",Village House,No Formal Education
"287",116.727387399999998,6.664692203000000,Female,"2002","19","2","2321",Village House,Graduate
"288",118.234290200000004,4.672353145000000,Female,"2003","44","3","7495",Terrace,Non-Graduate
"289",118.033518099999995,4.642328991000000,Female,"2002","28","2","2126",Others,Graduate
"290",118.072664200000006,4.627017743000000,Male,"2001","39","1","5155",Terrace,Graduate
"291",118.104092399999999,4.805022324000000,Male,"2003","50","0","3118",Village House,Non-Graduate
"292",118.084020800000005,4.784243759000000,Female,"2002","13","2","1640",Village House,Graduate
"293",117.930734599999994,4.723884694000000,Female,"2001","52","3","6410",Village House,No Formal Education
"294",118.013791900000001,4.848279241000000,Female,"2001","17","1","3822",Others,Graduate
"295",118.104977099999999,4.640170750000000,Male,"2001","34","2","5111",Others,Non-Graduate
"296",118.236169000000004,4.567809426000000,Male,"2001","11","0","6102",Terrace,Non-Graduate
"297",118.127900999999994,4.737840206000000,Male,"2002","48","3","2124",Terrace,Graduate
"298",117.925566500000002,4.682083097000000,Female,"2001","32","4","4494",Others,Non-Graduate
"299",118.195837200000000,4.598356607000000,Male,"2003","45","2","2659",Others,Non-Graduate
"300",118.022501000000005,4.703274175000000,Female,"2002","11","2","7961",Others,Graduate
"301",118.196775000000002,4.615700579000000,Female,"2003","37","3","1621",Others,No Formal Education
"302",117.852257600000002,4.684054540000000,Male,"2002","48","0","2421",Terrace,No Formal Education
"303",118.243962699999997,4.572189892000000,Male,"2002","21","2","3238",Village House,No Formal Education
"304",118.033199900000000,4.653919342000000,Male,"2003","25","2","2013",Terrace,Graduate
"305",118.079626700000006,4.783139248000000,Male,"2001","13","0","4432",Village House,No Formal Education
"306",117.977247000000006,4.752829064000000,Male,"2002","43","0","2123",Terrace,Non-Graduate
"307",118.037479700000006,4.713469620000000,Female,"2002","33","1","3505",Terrace,Graduate
"308",118.064446500000003,4.685308021000000,Male,"2003","2","4","6237",Village House,No Formal Education
"309",117.885870299999993,4.747710584000000,Male,"2001","50","2","5926",Terrace,Graduate
"310",118.140371700000003,4.640543605000000,Female,"2002","28","2","3148",Terrace,Non-Graduate
"311",118.105324800000005,4.674456786000000,Female,"2003","37","1","6505",Terrace,No Formal Education
"312",118.205299699999998,4.602821749000000,Female,"2001","15","3","4359",Others,No Formal Education
"313",117.826714899999999,4.689509496000000,Female,"2003","50","3","5323",Others,No Formal Education
"314",118.205204699999996,4.712058143000000,Female,"2002","48","3","3276",Terrace,Non-Graduate
"315",118.059934600000005,4.655497768000000,Female,"2001","16","2","5603",Terrace,No Formal Education
"316",117.952914899999996,4.643356603000000,Male,"2003","7","4","6068",Village House,No Formal Education
"317",117.985205600000000,4.650747814000000,Male,"2001","46","2","2268",Village House,Non-Graduate
"318",118.171730600000004,4.648075510000000,Male,"2002","52","1","2711",Village House,Non-Graduate
"319",118.171587599999995,4.716141417000000,Male,"2003","14","1","4264",Village House,Non-Graduate
"320",118.573322899999994,5.081499383000000,Female,"2001","51","1","3441",Village House,No Formal Education
"321",118.322325000000006,5.202248940000000,Male,"2001","25","2","5146",Terrace,Graduate
"322",118.948966299999995,5.203096778000000,Male,"2001","36","0","1792",Others,Graduate
"323",118.911497100000005,5.073716133000000,Male,"2001","42","4","1849",Terrace,Non-Graduate
"324",118.188547299999996,5.181259357000000,Male,"2001","6","3","7830",Terrace,No Formal Education
"325",118.460585399999999,5.027534304000000,Female,"2002","27","2","4507",Terrace,Non-Graduate
"326",118.781253899999996,5.039043665000000,Male,"2002","8","2","2170",Others,Graduate
"327",118.023332300000007,5.187761800000000,Female,"2003","44","3","6556",Terrace,No Formal Education
"328",118.602411000000004,5.180206999000000,Female,"2002","20","3","1660",Village House,No Formal Education
"329",118.460195299999995,5.255729406000000,Male,"2002","19","3","3357",Others,Graduate
"330",118.118914300000000,4.900711420000000,Female,"2003","1","4","1590",Others,Graduate
"331",118.560442600000002,5.076326214000000,Male,"2001","48","2","4544",Terrace,Non-Graduate
"332",117.939490500000005,4.809482827000000,Female,"2001","5","2","3431",Others,Graduate
"333",118.520168900000002,5.118236396000000,Female,"2003","43","1","3154",Others,No Formal Education
"334",118.529098399999995,5.233437648000000,Female,"2003","47","2","6427",Terrace,Non-Graduate
"335",118.523006699999996,5.058910753000000,Female,"2002","11","2","4197",Terrace,No Formal Education
"336",118.366565100000003,5.077714259000000,Male,"2003","10","4","7023",Terrace,Graduate
"337",117.841444999999993,5.049963485000000,Female,"2003","40","2","2639",Others,No Formal Education
"338",118.716418300000001,5.093009722000000,Male,"2001","48","0","5007",Others,Graduate
"339",118.071267100000000,5.115483691000000,Female,"2003","52","2","6258",Village House,Non-Graduate
"340",118.819045500000001,5.123357732000000,Male,"2003","23","0","1950",Village House,Non-Graduate
"341",117.672395100000003,4.821646671000000,Female,"2001","20","3","4126",Terrace,No Formal Education
"342",118.347931000000003,5.084419202000000,Female,"2002","46","3","5931",Others,Non-Graduate
"343",117.654459299999999,4.900092072000000,Male,"2003","3","3","5894",Village House,Non-Graduate
"344",118.763313100000005,5.078034723000000,Female,"2001","12","4","3697",Village House,Non-Graduate
"345",118.905258599999996,5.187419625000000,Male,"2001","12","4","5092",Others,No Formal Education
"346",118.413441300000002,5.171213181000000,Female,"2001","18","1","5597",Terrace,Non-Graduate
"347",118.980732599999996,5.064743782000000,Female,"2003","43","1","7978",Village House,Graduate
"348",117.531206100000006,4.943423240000000,Female,"2003","47","3","4377",Terrace,Non-Graduate
"349",118.254987099999994,5.195819300000000,Female,"2002","37","2","7767",Village House,Non-Graduate
"350",117.778442799999993,4.991363050000000,Female,"2002","23","0","5019",Terrace,No Formal Education
"351",117.942297400000001,4.880664420000000,Female,"2003","24","4","6537",Terrace,No Formal Education
"352",116.570115400000006,4.674527106000000,Female,"2003","4","2","6686",Terrace,Graduate
"353",116.822087699999997,4.471823512000001,Female,"2003","7","1","4572",Others,Graduate
"354",116.244075300000006,4.971385441000000,Male,"2003","26","2","5142",Terrace,No Formal Education
"355",116.044790500000005,4.334181035000001,Female,"2002","21","1","2012",Others,No Formal Education
"356",116.795582300000007,4.502973230000001,Male,"2002","14","3","2875",Others,Graduate
"357",116.045272299999993,4.569590532000000,Female,"2001","26","1","4548",Terrace,Non-Graduate
"358",116.575460399999997,4.757222404000000,Female,"2001","40","3","6922",Others,Graduate
"359",116.295821099999998,4.813535547000000,Male,"2001","27","4","2504",Others,Non-Graduate
"360",116.999071200000003,4.541653767000000,Female,"2001","2","2","3798",Terrace,No Formal Education
"361",116.203336100000001,4.520631204000000,Female,"2001","6","3","6890",Terrace,Non-Graduate
"362",116.366750400000001,4.927729132000000,Male,"2003","8","1","4701",Terrace,Non-Graduate
"363",116.313375800000003,4.706473605000000,Male,"2002","38","2","6799",Village House,Non-Graduate
"364",116.561367599999997,4.610285005000000,Female,"2001","1","0","3561",Terrace,Graduate
"365",116.647971100000007,4.446363567000000,Female,"2002","35","0","6987",Village House,Graduate
"366",116.074945400000004,4.584579355000000,Female,"2001","33","3","3611",Village House,No Formal Education
"367",116.048775399999997,4.495409426000000,Female,"2003","1","3","2402",Terrace,No Formal Education
"368",116.204649300000000,4.895051003000000,Female,"2001","6","0","5764",Terrace,Non-Graduate
"369",116.422139299999998,5.024718016000000,Female,"2001","2","4","7216",Terrace,No Formal Education
"370",116.850619300000005,4.662043999000000,Male,"2003","17","0","5697",Terrace,Non-Graduate
"371",116.233696899999998,4.848160975000000,Female,"2002","45","3","5335",Terrace,No Formal Education
"372",116.198788600000000,4.589553982000000,Female,"2003","25","1","1935",Village House,Graduate
"373",116.453016500000004,4.380409007000000,Female,"2003","21","1","2400",Others,No Formal Education
"374",116.502667299999999,4.898067741000000,Female,"2001","33","2","7270",Terrace,Non-Graduate
"375",116.664841300000006,4.464288459000000,Male,"2002","30","1","2783",Others,Non-Graduate
"376",116.495656999999994,4.587274849000000,Female,"2003","43","4","4424",Others,No Formal Education
"377",116.649024499999996,4.505327485000000,Female,"2003","38","0","5146",Terrace,Non-Graduate
"378",116.771316400000003,4.469078104000001,Male,"2002","29","1","6635",Others,Non-Graduate
"379",116.593949199999997,4.613229035000000,Female,"2002","21","3","4616",Village House,Graduate
"380",116.012110100000001,4.388214982000000,Female,"2003","24","0","4224",Terrace,No Formal Education
"381",116.236468200000004,4.475510884000000,Female,"2001","52","2","5303",Terrace,Non-Graduate
"382",116.564882900000001,4.508888192000000,Female,"2001","47","4","5815",Village House,Non-Graduate
"383",116.474820899999997,4.594668429000000,Female,"2001","26","1","4053",Village House,Non-Graduate
"384",116.047278599999999,5.601586440000000,Male,"2003","34","1","4575",Terrace,No Formal Education
"385",116.105300099999994,5.642298701000000,Female,"2002","26","1","3023",Terrace,Graduate
"386",116.018177499999993,5.436577925000000,Male,"2002","24","2","2176",Terrace,No Formal Education
"387",115.948352600000007,5.465208410000000,Male,"2002","47","1","6071",Terrace,Non-Graduate
"388",116.232036300000004,5.698334199000000,Male,"2001","43","4","7523",Others,No Formal Education
"389",115.874001800000002,5.497490561000000,Female,"2001","11","1","6328",Village House,No Formal Education
"390",115.872309099999995,5.539964184000000,Female,"2001","14","1","5996",Village House,No Formal Education
"391",116.077984299999997,5.809063538000000,Male,"2003","9","1","6836",Terrace,No Formal Education
"392",116.026570000000007,5.470378977000000,Male,"2002","49","1","4158",Terrace,Graduate
"393",116.016410199999996,5.517159825000000,Female,"2002","48","1","6218",Terrace,No Formal Education
"394",115.864496000000003,5.473749460000000,Male,"2001","22","2","5942",Others,No Formal Education
"395",115.924402599999993,5.450841083000000,Female,"2001","13","0","3610",Village House,Non-Graduate
"396",116.161734899999999,5.784390754000000,Male,"2001","36","4","2745",Terrace,Graduate
"397",115.978318299999998,5.587263567000000,Male,"2001","2","1","6208",Others,Graduate
"398",116.080096600000005,5.704519382000000,Female,"2001","39","2","4255",Village House,Non-Graduate
"399",116.149781000000004,5.767208549000000,Male,"2003","50","3","2266",Others,Non-Graduate
"400",116.118737499999995,5.791504032000000,Female,"2001","48","3","7131",Terrace,Graduate
"401",115.996027900000001,5.453797380000000,Female,"2001","22","0","6717",Village House,No Formal Education
"402",116.173381199999994,5.772909627000000,Male,"2001","11","1","2990",Village House,Non-Graduate
"403",115.922341200000005,5.533115326000000,Female,"2001","9","4","4036",Terrace,Non-Graduate
"404",116.076877300000007,5.549398509000000,Female,"2002","49","2","7514",Village House,Graduate
"405",115.998941900000005,5.584064964000000,Female,"2001","34","2","6460",Others,No Formal Education
"406",115.978278799999998,5.728242113000000,Female,"2002","30","3","6622",Terrace,Graduate
"407",115.922737799999993,5.552931087000000,Male,"2002","43","4","3742",Others,Graduate
"408",116.041066999999998,5.795302972000000,Female,"2002","31","4","5440",Others,Graduate
"409",116.106299199999995,5.649208816000000,Female,"2002","4","2","4478",Others,Non-Graduate
"410",116.066853100000003,5.626556739000000,Male,"2002","27","1","6110",Terrace,No Formal Education
"411",116.049930799999998,5.564141770000000,Female,"2003","38","1","7683",Terrace,Graduate
"412",116.064413999999999,5.660252658000000,Female,"2001","39","1","7756",Village House,No Formal Education
"413",116.024421099999998,5.525245825000000,Male,"2003","21","3","5552",Village House,Non-Graduate
"414",116.135668199999998,5.748322711000000,Female,"2003","17","1","6066",Others,Graduate
"415",115.954102500000005,5.428123403000000,Male,"2002","50","1","6818",Terrace,No Formal Education
"416",116.154836099999997,5.806009548000000,Male,"2003","42","3","4708",Village House,Graduate
"417",116.230758199999997,5.839363363000000,Female,"2003","6","3","5634",Village House,No Formal Education
"418",116.262738900000002,5.832453294000000,Male,"2002","7","0","1627",Village House,No Formal Education
"419",116.245050699999993,5.870330419000000,Female,"2003","46","2","5776",Terrace,Graduate
"420",116.200692700000005,5.768305114000000,Male,"2002","28","3","6883",Terrace,No Formal Education
"421",116.184932399999994,5.850700265000000,Female,"2002","29","2","5455",Others,No Formal Education
"422",116.287313400000002,5.804650811000000,Male,"2003","42","4","2858",Village House,No Formal Education
"423",116.184558400000000,5.938441384000000,Male,"2001","24","0","6065",Terrace,Graduate
"424",116.181210899999996,5.911244720000000,Female,"2001","12","4","7290",Village House,Graduate
"425",116.152360900000005,5.851909255000000,Male,"2001","11","3","3266",Others,No Formal Education
"426",116.135646600000001,5.825150561000000,Male,"2002","34","2","7602",Others,Graduate
"427",116.142008099999998,5.916704404000000,Male,"2001","52","2","7144",Terrace,Graduate
"428",116.274598600000004,5.765378212000000,Male,"2002","30","3","6067",Terrace,Graduate
"429",116.281046399999994,5.810561621000000,Female,"2002","47","0","2594",Village House,Graduate
"430",116.240128700000000,5.881371996000000,Female,"2001","28","3","5588",Village House,Graduate
"431",116.173565699999997,5.906568635000000,Female,"2001","42","0","4309",Terrace,No Formal Education
"432",116.133918899999998,5.808475200000000,Male,"2002","21","1","4547",Terrace,Graduate
"433",116.079619300000005,5.862594913000000,Male,"2002","45","1","6584",Village House,Graduate
"434",116.224286800000002,5.810841186000000,Female,"2003","32","2","7365",Terrace,Graduate
"435",116.132948999999996,5.864983094000000,Male,"2003","35","2","4499",Village House,Graduate
"436",116.243424800000000,5.877201012000000,Female,"2003","1","2","7249",Terrace,No Formal Education
"437",116.195035099999998,5.887154387000000,Female,"2003","22","2","3867",Village House,Graduate
"438",116.256062400000005,5.856621863000000,Female,"2001","27","3","4138",Others,No Formal Education
"439",116.128787099999997,5.924351954000000,Male,"2001","9","1","3319",Terrace,Non-Graduate
"440",116.297590799999995,5.789177849000000,Male,"2001","3","2","5784",Others,Graduate
"441",116.265479099999993,5.753095810000000,Male,"2002","51","1","3964",Terrace,No Formal Education
"442",116.174374999999998,5.826625871000000,Female,"2002","39","1","4041",Village House,Graduate
"443",116.174383100000000,5.922246557000000,Female,"2002","10","2","6695",Village House,Non-Graduate
"444",116.309082900000007,5.840670910000000,Male,"2001","14","1","2140",Terrace,No Formal Education
"445",116.113753599999995,5.915885844000000,Female,"2002","45","1","5992",Terrace,No Formal Education
"446",116.202979799999994,5.919712356000000,Male,"2002","50","0","5039",Village House,No Formal Education
"447",116.256658799999997,5.775883650000000,Female,"2002","28","1","5609",Others,No Formal Education
"448",116.976961099999997,6.549008519000000,Female,"2003","18","4","2906",Terrace,No Formal Education
"449",117.123812799999996,6.728999113000000,Male,"2002","41","3","6960",Terrace,Graduate
"450",117.116532000000007,6.594355078000000,Female,"2001","29","2","7739",Others,No Formal Education
"451",117.163716899999997,6.885463867000000,Female,"2003","31","2","4917",Village House,Non-Graduate
"452",117.055563899999996,6.784016451000000,Female,"2003","28","0","3095",Terrace,Graduate
"453",117.168725699999996,6.787219844000000,Female,"2002","28","3","1583",Others,Graduate
"454",117.080688899999998,6.859256903000000,Male,"2003","37","1","6728",Others,No Formal Education
"455",117.105300799999995,6.702790677000000,Male,"2003","46","2","6685",Terrace,Non-Graduate
"456",117.027851400000003,6.458839001000000,Male,"2002","30","1","5516",Village House,Non-Graduate
"457",116.967590599999994,6.592181114000000,Male,"2002","28","3","5459",Terrace,No Formal Education
"458",117.013417799999999,6.771219672000000,Male,"2002","17","0","2796",Others,Graduate
"459",117.239216900000002,6.783150855000000,Male,"2001","3","1","2450",Others,No Formal Education
"460",117.053713900000005,6.448867284000000,Male,"2003","36","3","4376",Others,Graduate
"461",117.185471100000001,6.965807787000000,Female,"2001","7","0","5499",Village House,No Formal Education
"462",116.958693900000000,6.616206769000000,Female,"2001","15","0","1892",Others,No Formal Education
"463",117.032386000000002,6.599333285000000,Male,"2001","23","2","4142",Village House,Graduate
"464",117.130698300000006,6.578063511000000,Female,"2002","40","3","3249",Terrace,Graduate
"465",117.085195200000001,6.674870240000000,Male,"2002","37","2","3866",Terrace,No Formal Education
"466",117.106994999999998,6.814319031000000,Female,"2002","35","1","2548",Village House,Graduate
"467",117.210385400000007,6.937754377000000,Female,"2002","18","1","5261",Others,Graduate
"468",117.166208499999996,6.809734957000000,Female,"2001","12","2","4431",Village House,Graduate
"469",117.151187899999996,6.684979742000000,Male,"2003","4","0","5584",Village House,No Formal Education
"470",117.040266200000005,6.598471254000000,Female,"2003","36","2","4685",Others,Non-Graduate
"471",117.074512400000003,6.452208621000000,Male,"2002","29","1","6191",Village House,No Formal Education
"472",117.127638399999995,6.556697370000000,Female,"2003","50","2","6313",Village House,Graduate
"473",117.096530400000006,6.938597504000000,Male,"2003","28","4","4242",Terrace,Graduate
"474",117.220110899999995,6.700052325000000,Male,"2003","35","4","1714",Terrace,Graduate
"475",117.195603100000000,6.827475429000000,Male,"2003","8","4","2251",Village House,No Formal Education
"476",117.019812799999997,6.463847653000000,Female,"2003","52","2","6956",Others,Non-Graduate
"477",117.057709900000006,6.570587520000000,Female,"2002","31","4","3604",Others,No Formal Education
"478",117.032320799999994,6.823816071000000,Male,"2003","38","0","4720",Others,Graduate
"479",117.093407999999997,6.818088313000000,Male,"2002","18","3","4279",Terrace,No Formal Education
"480",116.050721600000003,5.847941310000000,Male,"2001","9","2","4793",Others,Non-Graduate
"481",116.050251099999997,5.906176834000000,Male,"2002","19","4","5505",Others,No Formal Education
"482",116.070041000000003,5.851985900000000,Male,"2002","37","0","2141",Terrace,No Formal Education
"483",116.046970000000002,5.921387288000000,Female,"2001","38","0","4704",Village House,Graduate
"484",116.043776399999999,5.865462911000000,Male,"2001","6","3","4624",Others,Non-Graduate
"485",116.041301399999995,5.891542272000000,Male,"2001","46","4","1772",Terrace,Graduate
"486",116.045382200000006,5.906306617000000,Male,"2003","4","2","4902",Village House,Graduate
"487",116.057129500000002,5.847544943000000,Female,"2001","38","2","6126",Village House,No Formal Education
"488",116.043775400000001,5.847484555000000,Female,"2003","32","1","7431",Village House,No Formal Education
"489",116.050259100000005,5.852161455000000,Female,"2002","40","2","4896",Others,Graduate
"490",116.063267400000001,5.851183570000000,Female,"2002","14","2","3256",Others,No Formal Education
"491",116.060899899999995,5.900645646000000,Female,"2002","19","0","1513",Others,Graduate
"492",116.045491600000005,5.891422690000000,Female,"2001","24","4","2984",Terrace,No Formal Education
"493",116.053903199999993,5.878879351000000,Male,"2001","52","3","6368",Terrace,Non-Graduate
"494",116.059457600000002,5.894350066000000,Male,"2001","40","2","2746",Village House,Non-Graduate
"495",116.056230400000004,5.916510224000000,Male,"2003","11","0","6089",Terrace,Graduate
"496",116.055568199999996,5.849867297000000,Female,"2001","52","1","3680",Village House,Graduate
"497",116.067536899999993,5.871289017000000,Female,"2003","33","3","2564",Village House,Graduate
"498",116.054146599999996,5.843533508000000,Male,"2003","19","0","6206",Others,No Formal Education
"499",116.045054800000003,5.847697655000000,Female,"2001","15","4","6958",Village House,Non-Graduate
"500",116.068737900000002,5.858808453000000,Male,"2003","10","1","7175",Others,No Formal Education
"501",116.060945599999997,5.878070354000000,Female,"2003","51","3","4636",Village House,Non-Graduate
"502",116.057160600000003,5.857273220000000,Female,"2001","26","4","3984",Village House,Non-Graduate
"503",116.050957499999996,5.871787669000000,Male,"2002","22","3","5435",Terrace,Non-Graduate
"504",116.068258900000004,5.860701171000000,Female,"2001","35","3","6512",Others,Non-Graduate
"505",116.058988999999997,5.875583124000000,Female,"2003","46","4","5207",Village House,Graduate
"506",116.058592700000005,5.858554857000000,Female,"2003","17","1","4280",Village House,Non-Graduate
"507",116.051620200000002,5.873087911000000,Female,"2003","8","2","2380",Others,No Formal Education
"508",116.039462700000001,5.904219763000000,Female,"2002","18","0","6201",Village House,No Formal Education
"509",116.070418099999998,5.848994647000000,Female,"2002","32","4","2707",Terrace,Non-Graduate
"510",116.062118999999996,5.852116705000000,Male,"2002","52","3","2868",Others,Non-Graduate
"511",116.049392600000004,5.855293831000000,Male,"2003","33","0","1682",Others,Graduate
"512",116.854247500000000,6.031768247000000,Male,"2003","44","4","3515",Village House,Non-Graduate
"513",116.821757099999999,6.008867626000000,Female,"2001","52","0","6880",Village House,Non-Graduate
"514",116.914670900000004,5.726170971000000,Female,"2002","12","4","5360",Others,Graduate
"515",116.640859500000005,6.126156716000000,Female,"2002","13","4","3778",Others,No Formal Education
"516",116.669318799999999,6.016204548000000,Female,"2001","46","3","4168",Village House,No Formal Education
"517",116.742562199999995,5.969143371000000,Male,"2001","52","4","5967",Terrace,Non-Graduate
"518",117.080245000000005,6.182100025000000,Female,"2003","28","4","1719",Others,Non-Graduate
"519",116.681961599999994,5.803405971000000,Female,"2003","14","1","4336",Others,Non-Graduate
"520",116.728072699999998,5.552051839000000,Male,"2002","27","4","3017",Village House,No Formal Education
"521",116.905824100000004,6.026341268000000,Female,"2003","48","2","4672",Others,Non-Graduate
"522",116.813636900000006,5.797207202000000,Male,"2002","13","4","3731",Others,Non-Graduate
"523",116.727059499999996,6.149663468000000,Female,"2002","1","0","7904",Village House,No Formal Education
"524",116.936378700000006,6.024749177000000,Male,"2001","50","1","6485",Others,Non-Graduate
"525",116.784442499999997,6.095892581000000,Male,"2001","18","4","6877",Others,Non-Graduate
"526",116.766743300000002,5.956919723000000,Female,"2003","9","3","7384",Terrace,Non-Graduate
"527",116.621702200000001,5.890677605000000,Male,"2001","35","0","5924",Village House,No Formal Education
"528",116.844147599999999,6.061429756000000,Female,"2003","32","1","6022",Others,No Formal Education
"529",116.802294599999996,6.184025696000000,Male,"2003","1","3","4593",Others,Non-Graduate
"530",116.814726300000004,6.108259034000000,Male,"2003","15","3","2251",Others,Non-Graduate
"531",116.608287899999993,6.060329108000000,Female,"2003","33","2","6642",Others,Non-Graduate
"532",116.724851200000003,6.162074262000000,Female,"2001","53","0","7154",Village House,No Formal Education
"533",116.942749300000003,6.062775574000000,Male,"2002","17","2","7914",Terrace,Non-Graduate
"534",116.927611099999993,5.728583242000000,Female,"2003","15","2","2383",Village House,No Formal Education
"535",116.761559300000002,6.197819714000000,Male,"2002","10","0","7924",Terrace,Graduate
"536",116.698710399999996,5.982915474000000,Male,"2002","8","3","2923",Others,No Formal Education
"537",116.922351899999995,6.045800905000000,Male,"2001","47","4","7134",Village House,Graduate
"538",116.720613700000001,6.111747951000000,Female,"2003","13","0","5473",Others,Non-Graduate
"539",116.770040199999997,5.758428264000000,Female,"2003","31","0","7519",Terrace,No Formal Education
"540",116.727895700000005,5.541099613000000,Female,"2002","32","0","5429",Village House,Graduate
"541",116.786912700000002,5.972540699000000,Male,"2001","11","3","4899",Terrace,Non-Graduate
"542",116.845091100000005,5.762815837000000,Male,"2001","26","3","7188",Terrace,Graduate
"543",116.725209000000007,5.991291947000000,Male,"2002","28","1","7730",Village House,No Formal Education
"544",118.040942000000001,5.952742457000000,Female,"2001","17","0","4575",Others,Non-Graduate
"545",117.702659999999995,5.754111905000000,Male,"2001","18","1","2579",Village House,Graduate
"546",118.074815900000004,5.551321507000000,Female,"2001","25","3","3439",Terrace,Graduate
"547",117.987789899999996,5.824414835000000,Female,"2002","29","1","6338",Terrace,No Formal Education
"548",118.243143399999994,5.668042152000000,Female,"2001","1","4","3712",Village House,Non-Graduate
"549",117.667622800000004,5.878988129000000,Female,"2001","1","3","7106",Terrace,Non-Graduate
"550",118.256674500000003,5.729846522000000,Female,"2002","10","4","7135",Others,Graduate
"551",117.701419000000001,5.826884145000000,Male,"2002","8","0","3992",Terrace,No Formal Education
"552",118.184164600000003,5.599006005000000,Female,"2003","49","2","1893",Others,Non-Graduate
"553",118.160400800000005,5.801353237000000,Male,"2003","2","1","7806",Others,Graduate
"554",118.206849700000006,5.634428124000000,Female,"2003","6","0","6527",Terrace,Non-Graduate
"555",118.012251699999993,5.978834347000000,Male,"2002","4","4","2567",Others,No Formal Education
"556",117.703594199999998,5.885537754000000,Female,"2003","12","0","5206",Others,Graduate
"557",117.999902300000002,5.742883510000000,Female,"2002","31","1","3192",Terrace,No Formal Education
"558",118.184276199999999,5.686005406000000,Female,"2001","4","1","6679",Terrace,Graduate
"559",117.944800000000001,5.915710679000000,Female,"2003","32","1","7738",Terrace,Non-Graduate
"560",117.954076900000004,6.007669879000000,Male,"2002","33","0","3341",Others,Non-Graduate
"561",117.654514800000001,5.844450484000000,Female,"2003","17","3","2377",Others,Graduate
"562",117.640256100000002,5.839337038000000,Female,"2002","43","0","4796",Terrace,No Formal Education
"563",118.045957500000000,5.854856453000000,Female,"2003","44","4","6724",Village House,Graduate
"564",117.836830399999997,5.880987257000000,Male,"2002","38","2","5451",Others,Graduate
"565",117.994032099999998,5.652718614000000,Female,"2002","32","0","4592",Village House,No Formal Education
"566",118.093736399999997,5.577301478000000,Female,"2003","27","4","7247",Terrace,Graduate
"567",117.975404400000002,5.657137678000000,Male,"2003","34","3","2847",Others,Graduate
"568",117.896432899999994,5.784821122000000,Female,"2003","44","0","2208",Others,No Formal Education
"569",117.749179400000003,5.814446922000000,Female,"2002","16","1","6927",Others,Non-Graduate
"570",117.831062500000002,5.807629012000000,Female,"2003","38","3","6458",Others,Non-Graduate
"571",117.866928799999997,5.886901589000000,Female,"2002","21","4","3605",Others,Graduate
"572",117.841353999999995,5.906650385000000,Female,"2002","21","1","6008",Village House,No Formal Education
"573",117.672911200000001,5.803481336000000,Female,"2003","43","3","7142",Village House,Non-Graduate
"574",118.117817599999995,5.638721194000000,Female,"2002","28","4","5627",Terrace,Non-Graduate
"575",118.017409400000005,5.642361665000000,Male,"2002","15","1","2564",Others,Graduate
"576",118.422188000000006,4.393478812000000,Female,"2003","11","2","6798",Others,No Formal Education
"577",118.761965900000007,4.621101421000000,Female,"2001","19","4","2386",Others,No Formal Education
"578",118.473555000000005,4.291079925000000,Male,"2001","34","0","6193",Village House,Non-Graduate
"579",118.640818499999995,4.474205697000001,Male,"2003","42","3","5899",Terrace,Non-Graduate
"580",118.525293599999998,4.368742246000000,Female,"2001","7","3","2182",Terrace,Non-Graduate
"581",118.389084400000002,4.557108770000000,Male,"2002","22","2","5859",Others,Graduate
"582",118.303836500000003,4.586616448000000,Male,"2001","52","3","7426",Others,Graduate
"583",118.604933200000005,4.438309534000000,Male,"2001","3","4","5837",Others,Non-Graduate
"584",118.460756200000006,4.614375800000000,Male,"2003","10","0","1680",Terrace,Non-Graduate
"585",118.336503500000006,4.661023126000000,Female,"2003","22","3","7806",Terrace,No Formal Education
"586",118.395277300000004,4.545674562000000,Male,"2002","4","4","2162",Village House,Graduate
"587",118.365017800000004,4.588802179000000,Female,"2003","25","3","2746",Terrace,Graduate
"588",118.337569500000001,4.377774495000000,Male,"2003","8","4","2278",Village House,Graduate
"589",118.542731200000006,4.502923350000000,Male,"2003","25","3","4370",Others,No Formal Education
"590",118.353228400000006,4.521199650000000,Male,"2001","46","2","6260",Village House,Graduate
"591",118.480303000000006,4.556464736000000,Male,"2003","13","3","3429",Others,No Formal Education
"592",118.444402800000006,4.684982569000000,Male,"2003","42","0","2366",Others,Graduate
"593",118.381468100000006,4.576555310000000,Female,"2003","47","4","5568",Terrace,No Formal Education
"594",118.452029100000004,4.513252438000000,Female,"2002","19","2","6704",Others,Non-Graduate
"595",118.472401399999995,4.417575141000001,Male,"2001","13","0","6043",Village House,Non-Graduate
"596",118.502318900000006,4.543791604000000,Male,"2003","5","4","7538",Terrace,Graduate
"597",118.676880299999993,4.455859186000000,Female,"2001","3","4","7671",Village House,No Formal Education
"598",118.683977499999997,4.454404524000000,Female,"2001","8","1","4474",Village House,Graduate
"599",118.375787700000004,4.413927332000000,Male,"2001","45","0","3364",Terrace,No Formal Education
"600",118.557359000000005,4.545237824000000,Female,"2001","52","0","3322",Others,No Formal Education
"601",118.313276700000003,4.497513877000001,Male,"2002","4","2","2495",Village House,Non-Graduate
"602",118.586189599999997,4.446292884000000,Female,"2002","53","1","3804",Village House,Non-Graduate
"603",118.457775699999999,4.500560013000001,Male,"2002","17","2","2311",Terrace,Non-Graduate
"604",118.442218600000004,4.399414169000000,Female,"2003","25","1","7009",Others,No Formal Education
"605",118.481827899999999,4.418055168000001,Male,"2001","5","1","7960",Terrace,Non-Graduate
"606",118.308366699999993,4.565159674000000,Male,"2001","23","1","3304",Others,Non-Graduate
"607",118.448520000000002,4.655290900000000,Female,"2001","26","2","7869",Village House,Non-Graduate
"608",115.696270799999994,4.561444357000000,Male,"2003","53","2","4417",Village House,Non-Graduate
"609",115.663589400000006,4.874437127000000,Female,"2003","3","2","3406",Others,No Formal Education
"610",115.786003100000002,4.729723731000000,Male,"2003","15","2","3085",Terrace,Graduate
"611",115.790717799999996,4.377324330000001,Female,"2002","36","2","3172",Others,Non-Graduate
"612",115.795457700000000,4.478891146000000,Female,"2001","47","1","4248",Terrace,Non-Graduate
"613",115.697366099999996,4.869402015000000,Male,"2003","21","2","7478",Village House,Non-Graduate
"614",115.653366199999994,4.674403722000000,Female,"2003","3","0","2526",Village House,Graduate
"615",115.657886300000001,4.998053328000000,Female,"2002","35","2","5634",Village House,Graduate
"616",115.718910800000003,4.478965886000000,Male,"2002","31","2","3497",Others,No Formal Education
"617",115.821284800000001,4.386911445000000,Male,"2003","52","3","6855",Village House,Graduate
"618",115.771926199999996,4.625765803000000,Male,"2002","13","0","3654",Village House,Non-Graduate
"619",115.640697500000002,4.609121150000000,Male,"2001","14","3","5506",Terrace,Graduate
"620",115.669653299999993,4.966565973000000,Female,"2002","10","0","3338",Terrace,Non-Graduate
"621",115.715448300000006,5.018303090000000,Male,"2003","23","3","6861",Others,Non-Graduate
"622",115.604533799999999,5.014349373000000,Male,"2003","11","3","5748",Others,No Formal Education
"623",115.759417200000001,4.984069946000000,Female,"2003","40","2","5820",Others,Graduate
"624",115.727616800000007,4.895522084000000,Male,"2002","52","2","6892",Terrace,Non-Graduate
"625",115.691370100000000,4.170397780000000,Male,"2003","51","1","4383",Village House,No Formal Education
"626",115.787725800000004,4.586351084000000,Female,"2003","3","4","7788",Others,Graduate
"627",115.848888799999997,4.563945127000000,Female,"2001","42","4","5562",Terrace,No Formal Education
"628",115.615915999999999,4.445100316000001,Male,"2002","28","4","6880",Others,No Formal Education
"629",115.823372800000001,4.588061561000000,Female,"2002","25","3","6152",Village House,No Formal Education
"630",115.740269600000005,5.045813032000000,Male,"2003","17","0","3144",Village House,Non-Graduate
"631",115.728527499999998,4.387083274000000,Female,"2003","7","2","5368",Terrace,Graduate
"632",115.796898600000006,4.415807111000001,Male,"2003","7","3","7327",Terrace,Non-Graduate
"633",115.621412599999999,4.649773637000000,Male,"2002","44","1","5248",Village House,No Formal Education
"634",115.796474200000006,4.487344052000000,Male,"2003","13","4","5077",Village House,Graduate
"635",115.697773799999993,4.693385083000000,Male,"2003","3","0","4891",Village House,Graduate
"636",115.744201200000006,4.449198349000001,Female,"2001","43","4","2210",Village House,Non-Graduate
"637",115.658313100000001,4.655609324000000,Female,"2001","17","2","2263",Terrace,No Formal Education
"638",115.800912400000001,4.386113002000000,Male,"2003","9","3","2557",Terrace,Non-Graduate
"639",115.718004399999998,4.275361864000000,Female,"2003","42","4","3790",Others,Non-Graduate
"640",116.565831799999998,5.623910659000000,Male,"2002","36","0","3793",Terrace,Graduate
"641",116.473926100000000,5.781298405000000,Female,"2001","37","4","6214",Village House,Non-Graduate
"642",116.246961799999994,5.573209204000000,Female,"2003","4","0","5233",Others,Graduate
"643",116.490331299999994,5.720097565000000,Female,"2002","8","0","6077",Others,Graduate
"644",116.480325100000002,5.671398109000000,Female,"2003","12","0","4730",Terrace,Graduate
"645",116.371036700000005,5.496397580000000,Male,"2003","2","2","7286",Terrace,Non-Graduate
"646",116.322610900000001,5.477061297000000,Female,"2002","36","3","5980",Terrace,No Formal Education
"647",116.504377599999998,5.745992189000000,Male,"2003","40","2","5757",Terrace,Graduate
"648",116.384281900000005,5.556573535000000,Female,"2002","8","3","3081",Terrace,Graduate
"649",116.554982300000006,5.636819096000000,Female,"2003","3","2","3121",Terrace,No Formal Education
"650",116.587870300000006,5.698978990000000,Female,"2002","23","3","4424",Others,No Formal Education
"651",116.314927100000006,5.543774029000000,Male,"2002","1","0","4402",Others,Graduate
"652",116.489627400000003,5.631534468000000,Female,"2001","35","1","7843",Terrace,Non-Graduate
"653",116.432391800000005,5.708328159000000,Male,"2002","52","3","3151",Terrace,Graduate
"654",116.558852299999998,5.742247280000000,Female,"2003","50","2","5615",Terrace,Graduate
"655",116.210291799999993,5.667197316000000,Male,"2001","51","2","5396",Village House,No Formal Education
"656",116.312218900000005,5.717538662000000,Female,"2001","51","3","2799",Terrace,No Formal Education
"657",116.320966400000003,5.767632628000000,Male,"2001","48","3","6080",Terrace,No Formal Education
"658",116.394721099999998,5.544187509000000,Female,"2002","32","0","5624",Terrace,Non-Graduate
"659",116.562027400000005,5.598345916000000,Female,"2002","5","2","2683",Terrace,Graduate
"660",116.398138700000004,5.828350504000000,Female,"2001","19","2","2666",Village House,Non-Graduate
"661",116.269806099999997,5.537427650000000,Female,"2001","9","0","3329",Village House,Non-Graduate
"662",116.463931200000005,5.678786092000000,Male,"2002","6","2","3786",Village House,No Formal Education
"663",116.451643799999999,5.817894376000000,Female,"2001","20","3","6386",Village House,Graduate
"664",116.349735300000006,5.539464150000000,Male,"2003","52","2","2821",Others,No Formal Education
"665",116.209860100000000,5.604924115000000,Female,"2001","41","1","2221",Terrace,Non-Graduate
"666",116.559491100000002,5.728878817000000,Male,"2003","10","3","7065",Terrace,Non-Graduate
"667",116.376403900000000,5.471282177000000,Female,"2003","53","4","6651",Others,No Formal Education
"668",116.294479800000005,5.582536221000000,Female,"2002","50","1","4740",Others,No Formal Education
"669",116.267045400000001,5.575985984000000,Male,"2002","50","2","3809",Terrace,Graduate
"670",116.541880199999994,5.616667513000000,Female,"2001","23","3","4115",Others,No Formal Education
"671",116.489469900000003,5.862167806000000,Male,"2003","38","1","3495",Village House,No Formal Education
"672",117.336464199999995,4.591844553000000,Female,"2002","27","2","2742",Terrace,Graduate
"673",117.850631399999997,4.351583374000000,Female,"2002","7","3","6641",Others,Non-Graduate
"674",118.167191200000005,4.377147789000001,Female,"2003","41","3","4529",Village House,Graduate
"675",117.741172899999995,4.689050050000000,Female,"2002","40","1","5362",Terrace,Graduate
"676",118.246451500000006,4.452652095000001,Female,"2003","39","3","7146",Village House,No Formal Education
"677",117.495571299999995,4.694666648000000,Male,"2003","16","2","3781",Village House,No Formal Education
"678",117.495078599999999,4.561844774000000,Male,"2001","7","3","7518",Others,Graduate
"679",117.433603899999994,4.643009990000000,Female,"2002","39","0","2394",Terrace,Graduate
"680",117.184755899999999,4.638500877000000,Female,"2002","23","0","3032",Terrace,Non-Graduate
"681",117.623258899999996,4.506162055000000,Female,"2002","14","2","5695",Terrace,Non-Graduate
"682",118.015589399999996,4.401913684000000,Female,"2003","8","0","2834",Village House,Graduate
"683",117.569110199999997,4.631647452000000,Female,"2003","31","4","7771",Village House,Non-Graduate
"684",118.074062900000001,4.444092033000001,Female,"2002","9","1","2027",Village House,Non-Graduate
"685",117.124854999999997,4.600289544000000,Female,"2002","24","3","5031",Village House,Non-Graduate
"686",117.565445999999994,4.337004499000000,Female,"2002","5","4","2672",Village House,Graduate
"687",117.268346600000001,4.632314622000000,Male,"2003","19","2","6674",Terrace,No Formal Education
"688",117.559830599999998,4.748408651000000,Male,"2002","19","2","3211",Terrace,Graduate
"689",117.393351400000000,4.396773783000001,Male,"2002","38","0","1538",Terrace,Non-Graduate
"690",117.513868900000006,4.279495940000001,Female,"2002","18","2","7489",Terrace,Non-Graduate
"691",118.035244300000002,4.326984902000001,Female,"2003","32","0","6696",Terrace,Non-Graduate
"692",117.338096300000004,4.614062401000000,Male,"2002","19","1","6162",Others,No Formal Education
"693",118.036868699999999,4.569659941000000,Male,"2001","19","3","4714",Others,No Formal Education
"694",117.557038100000000,4.446294942000000,Female,"2001","43","1","7264",Village House,Graduate
"695",118.082464200000004,4.466154141000000,Male,"2003","34","4","6605",Others,Non-Graduate
"696",117.573326899999998,4.629447412000000,Female,"2003","14","2","5000",Terrace,Non-Graduate
"697",117.422291400000006,4.581727910000000,Female,"2001","39","1","4324",Terrace,Graduate
"698",117.918713800000006,4.304548666000000,Male,"2001","23","1","1618",Village House,Non-Graduate
"699",117.153387699999996,4.451182168000000,Male,"2001","50","1","3055",Others,No Formal Education
"700",117.584884900000006,4.288083443000000,Female,"2002","24","0","1829",Village House,No Formal Education
"701",117.321634799999998,4.758655955000000,Female,"2001","22","3","4267",Village House,No Formal Education
"702",117.829802000000001,4.343292333000000,Male,"2003","39","4","3399",Village House,Non-Graduate
"703",117.908911500000002,4.513002946000000,Male,"2001","40","3","5845",Terrace,Graduate
"704",116.025675899999996,4.792161310000000,Female,"2003","14","0","4012",Village House,Graduate
"705",115.992270399999995,5.200364630000000,Male,"2002","23","4","2176",Terrace,No Formal Education
"706",115.857245199999994,5.052686926000000,Male,"2002","20","2","5900",Village House,Graduate
"707",116.000038000000004,5.287951725000000,Female,"2003","44","4","3870",Others,No Formal Education
"708",115.977332200000006,4.830262396000000,Female,"2002","16","2","4877",Others,Graduate
"709",116.100548799999999,4.669947760000000,Male,"2001","25","0","6871",Terrace,Graduate
"710",115.904590499999998,4.687343414000000,Female,"2003","53","2","2269",Terrace,Graduate
"711",115.997141099999993,5.186767931000000,Female,"2003","12","0","6889",Terrace,No Formal Education
"712",115.930946399999996,5.181969787000000,Female,"2003","41","0","7184",Terrace,Graduate
"713",115.898611500000001,4.504670790000000,Female,"2003","36","2","5647",Others,Non-Graduate
"714",116.020053700000005,5.223747842000000,Male,"2003","51","0","2345",Village House,No Formal Education
"715",115.893832599999996,4.613519392000000,Female,"2001","52","4","6637",Village House,Graduate
"716",115.968764600000000,4.570199444000000,Female,"2002","13","4","5469",Terrace,Non-Graduate
"717",115.901603399999999,5.280608318000000,Male,"2002","51","0","3478",Others,Non-Graduate
"718",115.876844500000004,4.734063894000000,Female,"2003","13","3","6685",Terrace,Non-Graduate
"719",116.085200299999997,4.868344397000000,Male,"2001","15","4","7689",Terrace,Graduate
"720",115.990408400000007,5.272698692000000,Female,"2003","43","0","4266",Village House,No Formal Education
"721",115.973511900000005,4.880618114000000,Female,"2002","41","3","4990",Terrace,Non-Graduate
"722",115.923854199999994,5.070367444000000,Female,"2003","31","2","4926",Village House,No Formal Education
"723",115.963749199999995,5.096111168000000,Female,"2003","13","0","3840",Terrace,Non-Graduate
"724",115.853954599999994,5.041346127000000,Male,"2001","22","0","3185",Terrace,No Formal Education
"725",116.028992200000005,4.593954399000000,Male,"2003","33","2","7576",Others,Graduate
"726",116.070186100000001,4.872673907000000,Male,"2003","11","0","5802",Others,Non-Graduate
"727",115.959108599999993,4.886563849000000,Female,"2003","46","0","5011",Village House,Graduate
"728",115.947965900000000,5.257462118000000,Male,"2001","11","3","5332",Others,No Formal Education
"729",115.955041600000001,4.887407344000000,Female,"2002","23","4","5212",Village House,No Formal Education
"730",116.037712499999998,5.272183728000000,Male,"2001","45","3","2627",Terrace,Graduate
"731",115.952592300000006,4.562744454000000,Female,"2002","11","3","3951",Terrace,Non-Graduate
"732",115.970587399999999,4.598380159000000,Female,"2001","44","1","2203",Terrace,Non-Graduate
"733",115.917015100000000,5.304426577000000,Male,"2002","18","0","5428",Village House,Graduate
"734",115.947622899999999,4.589906995000000,Female,"2001","46","1","7949",Village House,No Formal Education
"735",115.909081099999995,4.892553673000000,Male,"2003","40","3","1704",Terrace,No Formal Education
"736",117.322873000000001,5.310576418000000,Female,"2003","19","0","4359",Terrace,Graduate
"737",117.002760499999994,4.703590974000000,Female,"2003","42","4","6498",Terrace,No Formal Education
"738",117.463950900000000,5.071225248000000,Male,"2001","37","3","2680",Village House,Graduate
"739",117.296953599999995,5.297507499000000,Female,"2001","14","0","1916",Terrace,Graduate
"740",116.979511700000003,5.376977686000000,Male,"2002","47","4","2958",Village House,Graduate
"741",117.163309400000003,4.871464017000000,Female,"2002","48","4","2229",Others,Graduate
"742",116.775304700000007,5.062945189000000,Female,"2003","37","0","2091",Others,Graduate
"743",117.097240799999994,4.981624784000000,Male,"2003","2","3","3693",Terrace,Non-Graduate
"744",116.657946100000004,5.347219968000000,Female,"2001","29","0","3594",Village House,Graduate
"745",117.225211799999997,4.901731473000000,Male,"2002","18","4","7218",Village House,Non-Graduate
"746",117.222214600000001,5.134038175000000,Female,"2003","49","0","6801",Terrace,No Formal Education
"747",116.974315099999998,4.910439700000000,Male,"2003","36","3","2754",Village House,No Formal Education
"748",117.459786199999996,5.379839402000000,Female,"2001","17","2","2290",Village House,Graduate
"749",117.498461000000006,5.217268120000000,Female,"2003","35","3","1677",Village House,Non-Graduate
"750",116.978314100000006,5.060804289000000,Male,"2001","7","2","6602",Terrace,No Formal Education
"751",116.795379900000000,5.114672356000000,Female,"2001","27","4","7114",Terrace,No Formal Education
"752",116.601617200000007,4.884870381000000,Male,"2002","28","4","7521",Others,Non-Graduate
"753",117.468246300000004,5.023903898000000,Female,"2002","45","3","4348",Village House,Non-Graduate
"754",117.444885299999996,5.036078803000000,Male,"2001","17","3","1936",Others,No Formal Education
"755",116.697282200000004,4.900817472000000,Female,"2002","7","2","2008",Others,No Formal Education
"756",117.458571300000003,4.766555540000000,Female,"2003","33","0","2717",Village House,Non-Graduate
"757",116.913481000000004,4.814703078000000,Male,"2003","39","1","5115",Terrace,Graduate
"758",116.904911100000007,5.319376609000000,Female,"2001","15","2","1625",Village House,Graduate
"759",116.646572699999993,5.144532381000000,Male,"2002","52","1","3668",Village House,Graduate
"760",117.024816500000000,5.040021718000000,Female,"2002","46","3","7372",Others,Graduate
"761",117.403405300000003,5.513221386000000,Male,"2002","6","3","6787",Terrace,Non-Graduate
"762",117.395454799999996,5.268348560000000,Female,"2003","11","0","3115",Others,Non-Graduate
"763",117.431105599999995,5.305558981000000,Male,"2002","51","4","3915",Village House,No Formal Education
"764",116.935315700000004,4.785124513000000,Female,"2003","24","4","7089",Terrace,No Formal Education
"765",117.002687100000003,4.771188611000000,Female,"2002","42","2","7528",Terrace,Graduate
"766",116.507178100000004,5.188356057000000,Male,"2001","34","2","4468",Village House,No Formal Education
"767",117.125727299999994,5.450268360000000,Male,"2001","30","3","7865",Village House,Graduate
"768",116.231406800000002,6.078024072000000,Female,"2001","35","2","4768",Village House,Graduate
"769",116.253338600000006,6.129426169000000,Male,"2003","34","1","7128",Village House,Graduate
"770",116.275438100000002,5.937600837000000,Male,"2001","1","1","5616",Others,Graduate
"771",116.363602599999993,5.945656810000000,Female,"2001","20","0","3795",Village House,No Formal Education
"772",116.266888600000001,6.042395915000000,Female,"2002","37","0","2496",Others,No Formal Education
"773",116.349542400000004,5.912589393000000,Female,"2001","41","3","1783",Village House,Graduate
"774",116.346206400000000,5.843486154000000,Male,"2001","12","3","3020",Village House,Graduate
"775",116.397877600000001,5.894798582000000,Female,"2001","16","0","7455",Village House,No Formal Education
"776",116.322644100000005,5.858567005000000,Female,"2003","1","0","7670",Village House,Graduate
"777",116.343062799999998,6.242786259000000,Female,"2003","45","4","2126",Village House,Graduate
"778",116.428590999999997,6.091292512000000,Female,"2003","28","2","4332",Terrace,No Formal Education
"779",116.179067399999994,6.191685185000000,Female,"2002","52","2","5767",Village House,No Formal Education
"780",116.322129099999998,6.151233024000000,Female,"2002","45","4","3980",Others,Graduate
"781",116.439996399999998,5.986588403000000,Female,"2003","9","1","4154",Others,Non-Graduate
"782",116.426070300000006,6.097093014000000,Male,"2001","19","1","3424",Terrace,Non-Graduate
"783",116.305582400000006,6.285041119000000,Male,"2003","47","0","6497",Others,Non-Graduate
"784",116.349789599999994,5.969066042000000,Female,"2001","47","2","4972",Terrace,Non-Graduate
"785",116.417501900000005,6.194817909000000,Male,"2001","18","4","4185",Village House,Non-Graduate
"786",116.367712299999994,6.007405571000000,Female,"2003","48","4","5794",Terrace,No Formal Education
"787",116.372983800000000,5.995087345000000,Male,"2002","29","1","5554",Others,Graduate
"788",116.284406700000005,5.943406143000000,Male,"2003","22","4","2626",Others,Non-Graduate
"789",116.209255200000001,6.184408616000000,Female,"2003","34","2","5258",Village House,No Formal Education
"790",116.409582200000003,6.159369790000000,Female,"2003","2","1","7732",Village House,No Formal Education
"791",116.229860400000007,6.168135200000000,Female,"2003","11","4","7113",Terrace,Graduate
"792",116.233872899999994,6.188799660000000,Male,"2001","3","0","5688",Others,No Formal Education
"793",116.352563300000000,5.939531606000000,Female,"2003","14","1","7321",Terrace,Graduate
"794",116.387748799999997,5.948503862000000,Male,"2003","8","4","5459",Village House,No Formal Education
"795",116.391547700000004,5.869878008000000,Male,"2001","45","1","6231",Village House,No Formal Education
"796",116.311954000000000,5.989939793000000,Male,"2001","1","4","2346",Terrace,Non-Graduate
"797",116.245442999999995,6.086611083000000,Male,"2001","46","1","5699",Village House,Graduate
"798",116.363807699999995,5.974185077000000,Male,"2002","41","3","5500",Others,Graduate
"799",116.358655400000004,5.940288964000000,Male,"2001","42","3","5099",Terrace,Non-Graduate
